{
  "Logistic Regression": {
    "metrics": {
      "Accuracy": 0.8076650106458482,
      "AUC": 0.8418171484667649,
      "Precision": 0.660436137071651,
      "Recall": 0.5668449197860963,
      "F1": 0.6100719424460431,
      "MCC": 0.485892062445952
    },
    "confusion_matrix": [
      [
        926,
        109
      ],
      [
        162,
        212
      ]
    ],
    "classification_report": {
      "No Churn": {
        "precision": 0.8511029411764706,
        "recall": 0.8946859903381642,
        "f1-score": 0.8723504474799811,
        "support": 1035.0
      },
      "Churn": {
        "precision": 0.660436137071651,
        "recall": 0.5668449197860963,
        "f1-score": 0.6100719424460431,
        "support": 374.0
      },
      "accuracy": 0.8076650106458482,
      "macro avg": {
        "precision": 0.7557695391240609,
        "recall": 0.7307654550621303,
        "f1-score": 0.7412111949630121,
        "support": 1409.0
      },
      "weighted avg": {
        "precision": 0.8004930158853404,
        "recall": 0.8076650106458482,
        "f1-score": 0.8027321643836769,
        "support": 1409.0
      }
    }
  },
  "Decision Tree": {
    "metrics": {
      "Accuracy": 0.7984386089425124,
      "AUC": 0.830278488206877,
      "Precision": 0.6347305389221557,
      "Recall": 0.5668449197860963,
      "F1": 0.5988700564971752,
      "MCC": 0.4661721663080828
    },
    "confusion_matrix": [
      [
        913,
        122
      ],
      [
        162,
        212
      ]
    ],
    "classification_report": {
      "No Churn": {
        "precision": 0.8493023255813954,
        "recall": 0.8821256038647343,
        "f1-score": 0.8654028436018958,
        "support": 1035.0
      },
      "Churn": {
        "precision": 0.6347305389221557,
        "recall": 0.5668449197860963,
        "f1-score": 0.5988700564971752,
        "support": 374.0
      },
      "accuracy": 0.7984386089425124,
      "macro avg": {
        "precision": 0.7420164322517755,
        "recall": 0.7244852618254153,
        "f1-score": 0.7321364500495355,
        "support": 1409.0
      },
      "weighted avg": {
        "precision": 0.7923471458719876,
        "recall": 0.7984386089425124,
        "f1-score": 0.7946553188487621,
        "support": 1409.0
      }
    }
  },
  "kNN": {
    "metrics": {
      "Accuracy": 0.7934705464868701,
      "AUC": 0.8286793768890954,
      "Precision": 0.6130790190735694,
      "Recall": 0.6016042780748663,
      "F1": 0.6072874493927125,
      "MCC": 0.46723686710308837
    },
    "confusion_matrix": [
      [
        893,
        142
      ],
      [
        149,
        225
      ]
    ],
    "classification_report": {
      "No Churn": {
        "precision": 0.8570057581573897,
        "recall": 0.8628019323671497,
        "f1-score": 0.8598940779971113,
        "support": 1035.0
      },
      "Churn": {
        "precision": 0.6130790190735694,
        "recall": 0.6016042780748663,
        "f1-score": 0.6072874493927125,
        "support": 374.0
      },
      "accuracy": 0.7934705464868701,
      "macro avg": {
        "precision": 0.7350423886154795,
        "recall": 0.7322031052210081,
        "f1-score": 0.7335907636949119,
        "support": 1409.0
      },
      "weighted avg": {
        "precision": 0.7922587032125006,
        "recall": 0.7934705464868701,
        "f1-score": 0.7928430637330621,
        "support": 1409.0
      }
    }
  },
  "Naive Bayes": {
    "metrics": {
      "Accuracy": 0.694819020581973,
      "AUC": 0.807419463173939,
      "Precision": 0.45894428152492667,
      "Recall": 0.8368983957219251,
      "F1": 0.5928030303030303,
      "MCC": 0.4244518964900018
    },
    "confusion_matrix": [
      [
        666,
        369
      ],
      [
        61,
        313
      ]
    ],
    "classification_report": {
      "No Churn": {
        "precision": 0.9160935350756534,
        "recall": 0.6434782608695652,
        "f1-score": 0.7559591373439274,
        "support": 1035.0
      },
      "Churn": {
        "precision": 0.45894428152492667,
        "recall": 0.8368983957219251,
        "f1-score": 0.5928030303030303,
        "support": 374.0
      },
      "accuracy": 0.694819020581973,
      "macro avg": {
        "precision": 0.68751890830029,
        "recall": 0.7401883282957451,
        "f1-score": 0.6743810838234788,
        "support": 1409.0
      },
      "weighted avg": {
        "precision": 0.7947494464823448,
        "recall": 0.694819020581973,
        "f1-score": 0.712651554637543,
        "support": 1409.0
      }
    }
  },
  "Random Forest": {
    "metrics": {
      "Accuracy": 0.8055358410220014,
      "AUC": 0.8443475677491022,
      "Precision": 0.676056338028169,
      "Recall": 0.5133689839572193,
      "F1": 0.5835866261398176,
      "MCC": 0.46722693859268233
    },
    "confusion_matrix": [
      [
        943,
        92
      ],
      [
        182,
        192
      ]
    ],
    "classification_report": {
      "No Churn": {
        "precision": 0.8382222222222222,
        "recall": 0.9111111111111111,
        "f1-score": 0.8731481481481481,
        "support": 1035.0
      },
      "Churn": {
        "precision": 0.676056338028169,
        "recall": 0.5133689839572193,
        "f1-score": 0.5835866261398176,
        "support": 374.0
      },
      "accuracy": 0.8055358410220014,
      "macro avg": {
        "precision": 0.7571392801251956,
        "recall": 0.7122400475341653,
        "f1-score": 0.7283673871439829,
        "support": 1409.0
      },
      "weighted avg": {
        "precision": 0.7951774807824947,
        "recall": 0.8055358410220014,
        "f1-score": 0.796287957068577,
        "support": 1409.0
      }
    }
  }
}